s,n,M,M`
0,750,0,0
0.01,742.5,55.2713001816777,1.67920032518462
0.02,735,110.111920590989,3.35838854186024
0.03,727.5,164.102295626549,5.03755254180887
0.04,720,216.844491111906,6.71668021739462
0.05,712.5,267.971582048532,8.39575946185464
0.06,705,317.155449498008,10.0747781695901
0.07,697.5,364.112689840942,11.7537242364572
0.08,690,408.608480669206,13.4325855600576
0.09,682.5,450.45839737504,15.1113500400298
0.1,675,489.528307675533,16.790005578339
0.11,667.5,525.732576591526,18.4685400795683
0.12,660,559.030885665242,20.1469414512088
0.13,652.5,589.424006412014,21.8251976039495
0.14,645,616.948872329491,23.5032964519682
0.15,637.5,641.673272274211,25.1812259132204
0.16,630,663.690448117486,26.8589739097298
0.17,622.5,683.113828896058,28.5365283678775
0.18,615,700.072078939565,30.2138772186912
0.19,607.5,714.704584060383,31.8910083981342
0.2,600,727.157451609299,33.5679098473947
0.21,592.5,737.580059277044,35.2445695131736
0.22,585,746.122154901787,36.9209753479734
0.23,577.5,752.931485185044,38.5971153103857
0.24,570,758.151914417068,40.272977365379
0.25,562.5,761.921983981783,41.9485494845864
0.26,555,764.373858311029,43.6238196465921
0.27,547.5,765.632601855779,45.2987758372181
0.28,540,765.815733415577,46.9734060498108
0.29,532.5,765.033007858426,48.6476982855269
0.3,525,763.386380096886,50.3216405536184
0.31,517.5,760.970111566337,51.9952208717184
0.32,510,757.870984942796,53.6684272661252
0.33,502.5,754.168598140266,55.3412477720871
0.34,495,749.935713550185,57.0136704340857
0.35,487.5,745.23864291992,58.6856833061196
0.36,480,740.137652166884,60.3572744519871
0.37,472.5,734.687373785465,62.0284319455686
0.38,465,728.937217349793,63.6991438711086
0.39,457.5,722.931770987431,65.3693983234967
0.4,450,716.711188647329,67.0391834085489
0.41,442.5,710.31155956285,68.7084872432875
0.42,435,703.765257569735,70.3772979562209
0.43,427.5,697.101268928659,72.0456036876229
0.44,420,690.345498067396,73.7133925898111
0.45,412.5,683.52105123813,75.3806528274247
0.46,405,676.648498515602,77.0473725777022
0.47,397.5,669.746114871071,78.7135400307579
0.48,390,662.830101270167,80.3791433898578
0.49,382.5,655.914786880417,82.0441708716953
0.5,375,649.012813553455,83.7086107066658
0.51,367.5,642.135303781497,85.3724511391408
0.52,360,635.292013328904,87.035680427741
0.53,352.5,628.49146971634,88.6982868456096
0.54,345,621.741097694383,90.3602586806833
0.55,337.5,615.047332790901,92.0215842359645
0.56,330,608.415723956507,93.6822518297909
0.57,322.5,601.851026268083,95.3422497961057
0.58,315,595.357284584358,97.0015664847262
0.59,307.5,588.937908981579,98.6601902616123
0.6,300,582.595742732838,100.318109509133
0.61,292.5,576.333123532439,101.975312626335
0.62,285,570.151938607601,103.631788029206
0.63,277.5,564.053674303997,105.287524150939
0.64,270,558.039460679499,106.9425094422
0.65,262.5,552.110111592,108.596732371388
0.66,255,546.266160722343,110.250181424898
0.67,247.5,540.507893932128,111.902845107384
0.68,240,534.835378318266,113.554711942016
0.69,232.5,529.248488291567,115.205770470742
0.7,225,523.746928975016,116.856009254548
0.71,217.5,518.330257188703,118.505416873713
0.72,210,512.99790026225,120.153981928066
0.73,202.5,507.749172891907,121.801693037244
0.74,195,502.583292238082,123.448538840944
0.75,187.5,497.499391439681,125.094507999179
0.76,180,492.496531704126,126.73958919253
0.77,172.5,487.573713116123,128.3837711224
0.78,165,482.729884293991,130.02704251126
0.79,157.5,477.963951009518,131.669392102902
0.8,150,473.274783875731,133.310808662691
0.81,142.5,468.661225196531,134.951280977804
0.82,135,464.122095062773,136.590797857486
0.83,127.5,459.656196770896,138.22934813329
0.84,120,455.262321632624,139.866920659324
0.85,112.5,450.939253237398,141.503504312491
0.86,105,446.68577122306,143.139087992737
0.87,97.5,442.500654604737,144.773660623287
0.88,90,438.382684706937,146.407211150887
0.89,82.5,434.330647739335,148.039728546046
0.9,75,430.343337052725,149.671201803266
0.91,67.5,426.419555107965,151.301619941288
0.92,60,422.558115187495,152.93097200332
0.93,52.5,418.757842876031,154.559247057277
0.94,45,415.017577334444,156.186434196008
0.95,37.5,411.336172388388,157.812522537535
0.96,30,407.712497451159,159.437501225278
0.97,22.5,404.145438298272,161.061359428288
0.98,15,400.633897709568,162.684086341471
0.99,7.50000000000001,397.176795993029,164.305671185822
1,0,393.773071403126,165.926103208643
1.01,-7.50000000000001,390.421680465213,167.545371683775
1.02,-15,387.121598216343,169.163465911814
1.03,-22.5,383.871818371864,170.780375220339
1.04,-30,380.6713534262,172.39608896413
1.05,-37.5,377.519234695384,174.010596525387
1.06,-45,374.414512308171,175.623887313951
1.07,-52.5,371.356255151855,177.235950767516
1.08,-60.0000000000001,368.3435507783,178.846776351849
1.09,-67.5000000000001,365.37550527515,180.456353561003
1.1,-75.0000000000001,362.451243106674,182.064671917529
1.11,-82.5000000000001,359.569906928244,183.671720972687
1.12,-90.0000000000001,356.73065737804,185.27749030666
1.13,-97.5000000000001,353.93267284922,186.881969528756
1.14,-105,351.175149245424,188.485148277625
1.15,-112.5,348.457299722228,190.087016221454
1.16,-120,345.778354416858,191.687563058181
1.17,-127.5,343.137560168228,193.286778515693
1.18,-135,340.534180229185,194.884652352032
1.19,-142.5,337.96749397259,196.48117435559
1.2,-150,335.436796592725,198.076334345314
1.21,-157.5,332.941398803336,199.670122170901
1.22,-165,330.480626533475,201.262527712992
1.23,-172.5,328.053820622184,202.853540883372
1.23866666666667,-179,325.977565269834,204.231284916201
1.24,-180,325.660336512931,204.443151625159
1.25,-187.5,323.29954394861,206.031349912998
1.26,-195,320.970826667808,207.618125753253
1.27,-202.5,318.67358210298,209.203469184193
1.28,-210,316.407221081062,210.78737027618
1.29,-217.5,314.171167527007,212.369819131857
1.3,-225,311.964858170653,213.950805886332
1.31,-232.5,309.787742257279,215.530320707362
1.32,-240,307.639281262153,217.108353795532
1.33,-247.5,305.518948609323,218.684895384438
1.34,-255,303.42622939488,220.259935740864
1.35,-262.5,301.360620114863,221.83346516496
1.36,-270,299.321628397949,223.405473990418
1.37,-277.5,297.308772743059,224.975952584646
1.38,-285,295.32158226195,226.544891348939
1.39,-292.5,293.359596426876,228.112280718655
1.4,-300,291.422364823361,229.678111163377
1.41,-307.5,289.509446908093,231.242373187088
1.42,-315,287.620411771981,232.805057328335
1.43,-322.5,285.754837908334,234.366154160391
1.44,-330,283.91231298618,235.925654291426
1.45,-337.5,282.092433628666,237.483548364661
1.46,-345,280.294805196521,239.039827058531
1.47,-352.5,278.519041576524,240.594481086846
1.48,-360,276.764764974924,242.147501198948
1.49,-367.5,275.031605715754,243.698878179861
1.5,-375,273.319202043971,245.248602850453
1.51,-382.5,271.62719993334,246.796666067583
1.52,-390,269.955252899004,248.343058724255
1.53,-397.5,268.303021814647,249.887771749764
1.54,-405,266.670174734171,251.430796109847
1.55,-412.5,265.056386717809,252.972122806828
1.56,-420,263.461339662576,254.511742879763
1.57,-427.5,261.884722136986,256.04964740458
1.58,-435,260.326229219931,257.585827494225
1.59,-442.5,258.785562343649,259.120274298798
1.6,-450,257.262429140675,260.652979005695
1.61,-457.5,255.756543294706,262.183932839739
1.62,-465,254.267624395267,263.71312706332
1.63,-472.5,252.795397796119,265.240552976526
1.64,-480,251.339594477288,266.766201917275
1.65,-487.5,249.899950910664,268.290065261445
1.66,-495,248.476208929046,269.812134423003
1.67,-502.5,247.068115598587,271.33240085413
1.68,-510,245.675423094517,272.850856045349
1.69,-517.5,244.297888580099,274.367491525648
1.7,-525,242.935274088703,275.882298862599
1.71,-532.5,241.587346408943,277.395269662481
1.72,-540,240.253876972781,278.906395570399
1.73,-547.5,238.934641746539,280.4156682704
1.74,-555,237.629421124725,281.923079485587
1.75,-562.5,236.337999826612,283.428620978237
1.76,-570,235.060166795494,284.932284549908
1.77,-577.5,233.795715100545,286.434062041554
1.78,-585,232.544441841218,287.933945333631
1.79,-592.5,231.306148054108,289.431926346206
1.8,-600,230.080638622229,290.927997039059
1.81,-607.5,228.867722186613,292.422149411794
1.82,-615,227.667211060203,293.914375503934
1.83,-622.5,226.478921143943,295.404667395026
1.84,-630,225.302671845039,296.893017204737
1.85,-637.5,224.1382859973,298.379417092957
1.86,-645,222.985589783535,299.863859259886
1.87,-652.5,221.844412659917,301.346335946138
1.88,-660,220.714587282291,302.826839432825
1.89,-667.5,219.595949434354,304.305362041653
1.9,-675,218.488337957656,305.78189613501
1.91,-682.5,217.391594683389,307.256434116051
1.92,-690,216.305564365894,308.72896842879
1.93,-697.5,215.230094617853,310.199491558176
1.94,-705,214.165035847116,311.667996030185
1.95,-712.5,213.110241195121,313.134474411892
1.96,-720,212.065566476854,314.598919311557
1.97,-727.5,211.030870122321,316.061323378699
1.98,-735,210.00601311948,317.521679304175
1.99,-742.5,208.9908589586,318.979979820252
2,-750,207.985273578,320.436217700681
2.01,-757.5,206.989125311142,321.890385760769
2.02,-765,206.002284835032,323.342476857448
2.03,-772.5,205.024625119891,324.79248388934
2.04,-780,204.056021380081,326.240399796831
2.05,-787.5,203.09635102622,327.686217562127
2.06,-795,202.145493618485,329.129930209324
2.07,-802.5,201.203330821054,330.571530804464
2.08,-810,200.269746357656,332.011012455602
2.09,-817.5,199.344625968207,333.448368312855
2.1,-825,198.427857366498,334.883591568468
2.11,-832.5,197.519330198909,336.316675456862
2.12,-840,196.618936004114,337.747613254693
2.13,-847.5,195.726568173762,339.1763982809
2.14,-855,194.842121914104,340.603023896756
2.15,-862.5,193.96549420853,342.02748350592
2.16,-870,193.096583781012,343.449770554479
2.17,-877.5,192.235291060409,344.869878530998
2.18,-885,191.381518145624,346.287800966561
2.19,-892.5,190.535168771585,347.703531434816
2.2,-900,189.696148276033,349.117063552013
2.21,-907.5,188.864363567083,350.528390977046
2.22,-915,188.039723091559,351.937507411489
2.23,-922.5,187.222136804062,353.344406599631
2.24,-930,186.411516136762,354.749082328516
2.25,-937.5,185.607773969894,356.151528427967
2.26,-945,184.810824602942,357.551738770627
2.27,-952.5,184.020583726483,358.949707271982
2.28,-960,183.236968394689,360.345427890393
2.29,-967.5,182.459896998454,361.738894627122
2.3,-975,181.689289239145,363.130101526354
2.31,-982.5,180.925066102948,364.519042675227
2.32,-990,180.167149835803,365.905712203851
2.33,-997.5,179.415463918907,367.290104285326
2.34,-1005,178.669933044772,368.672213135766
2.35,-1012.5,177.930483093827,370.052033014314
2.36,-1020,177.197041111544,371.429558223158
2.37,-1027.5,176.469535286084,372.804783107547
2.38,-1035,175.747894926439,374.177702055802
2.39,-1042.5,175.032050441059,375.548309499332
2.4,-1050,174.321933316967,376.916599912639
2.41,-1057.5,173.617476099328,378.282567813329
2.42,-1065,172.91861237147,379.64620776212
2.43,-1072.5,172.225276735356,381.007514362846
2.44,-1080,171.537404792475,382.366482262463
2.45,-1087.5,170.854933125157,383.723106151051
2.46,-1095,170.1777992783,385.077380761814
2.47,-1102.5,169.50594174149,386.429300871082
2.48,-1110,168.839299931513,387.778861298309
2.49,-1117.5,168.177814175246,389.126056906069
2.5,-1125,167.52142569292,390.470882600052
2.51,-1132.5,166.870076581737,391.813333329058
2.52,-1140,166.22370979985,393.153404084992
2.53,-1147.5,165.582269150676,394.49108990285
2.54,-1155,164.94569926755,395.826385860714
2.55,-1162.5,164.313945598706,397.159287079739
2.56,-1170,163.686954392572,398.489788724139
2.57,-1177.5,163.064672683384,399.817886001173
2.58,-1185,162.447048277097,401.14357416113
2.59,-1192.5,161.834029737598,402.466848497311
2.6,-1200,161.225566373203,403.787704346011
2.61,-1207.5,160.621608223441,405.106137086501
2.62,-1215,160.022106046113,406.422142141002
2.63,-1222.5,159.427011304617,407.735714974667
2.64,-1230,158.836276155543,409.046851095556
2.65,-1237.5,158.249853436512,410.355546054609
2.66,-1245,157.667696654284,411.661795445621
2.67,-1252.5,157.089759973091,412.965594905215
2.68,-1260,156.515998203224,414.266940112809
2.69,-1267.5,155.946366789845,415.56582679059
2.7,-1275,155.380821802032,416.862250703478
2.71,-1282.5,154.819319922041,418.156207659097
2.72,-1290,154.26181843479,419.447693507737
2.73,-1297.5,153.708275217559,420.736704142321
2.74,-1305,153.158648729883,422.023235498364
2.75,-1312.5,152.612898003667,423.307283553939
2.76,-1320,152.070982633483,424.588844329635
2.77,-1327.5,151.532862767072,425.867913888519
2.78,-1335,150.998499096026,427.144488336088
2.79,-1342.5,150.467852846663,428.418563820232
2.8,-1350,149.940885771077,429.690136531187
2.81,-1357.5,149.417560138367,430.959202701486
2.82,-1365,148.897838726036,432.225758605918
2.83,-1372.5,148.381684811563,433.489800561476
2.84,-1380,147.86906216414,434.751324927307
2.85,-1387.5,147.359935036563,436.010328104664
2.86,-1395,146.854268157286,437.266806536852
2.87,-1402.5,146.352026722632,438.520756709175
2.88,-1410,145.85317638915,439.772175148883
2.89,-1417.5,145.357683266119,441.021058425118
2.9,-1425,144.865513908199,442.267403148852
2.91,-1432.5,144.376635308222,443.511205972835
2.92,-1440,143.891014890119,444.752463591533
2.93,-1447.5,143.408620501985,445.991172741069
2.94,-1455,142.929420409274,447.227330199163
2.95,-1462.5,142.453383288121,448.460932785066
2.96,-1470,141.980478218795,449.691977359501
2.97,-1477.5,141.510674679271,450.920460824597
2.98,-1485,141.043942538925,452.146380123822
2.99,-1492.5,140.580252052347,453.369732241917
3,-1500,140.119573853269,454.590514204829
3.01,-1507.5,139.661878948607,455.808723079643
3.02,-1515,139.207138712611,457.02435597451
3.03,-1522.5,138.75532488113,458.237410038576
3.04,-1530,138.306409545974,459.447882461912
3.05,-1537.5,137.860365149386,460.655770475439
3.06,-1545,137.417164478616,461.861071350856
3.07,-1552.5,136.97678066059,463.063782400562
3.08,-1560,136.539187156679,464.263900977582
3.09,-1567.5,136.104357757566,465.46142447549
3.1,-1575,135.672266578199,466.656350328329
3.11,-1582.5,135.242888052844,467.848676010533
3.12,-1590,134.816196930222,469.038399036848
3.13,-1597.5,134.392168268735,470.225516962248
3.14,-1605,133.970777431776,471.410027381854
3.15,-1612.5,133.55200008313,472.591927930854
3.16,-1620,133.135812182445,473.771216284415
3.17,-1627.5,132.722189980798,474.947890157598
3.18,-1635,132.311110016327,476.121947305276
3.19,-1642.5,131.90254910995,477.293385522044
3.2,-1650,131.496484361153,478.46220264213
3.21,-1657.5,131.092893143858,479.62839653931
3.22,-1665,130.691753102358,480.791965126817
3.23,-1672.5,130.293042147328,481.95290635725
3.24,-1680,129.896738451903,483.111218222481
3.25,-1687.5,129.502820447826,484.266898753566
3.26,-1695,129.11126682166,485.419946020652
3.27,-1702.5,128.72205651107,486.570358132878
3.28,-1710,128.33516870117,487.718133238286
3.29,-1717.5,127.950582820923,488.863269523722
3.3,-1725,127.568278539619,490.005765214742
3.31,-1732.5,127.188235763397,491.145618575511
3.32,-1740,126.810434631841,492.282827908708
3.33,-1747.5,126.434855514622,493.417391555426
3.34,-1755,126.061479008207,494.549307895071
3.35,-1762.5,125.690285932617,495.678575345265
3.36,-1770,125.321257328245,496.805192361739
3.37,-1777.5,124.954374452719,497.929157438237
3.38,-1785,124.589618777835,499.050469106407
3.39,-1792.5,124.22697198652,500.169125935703
3.4,-1800,123.866415969862,501.285126533278
3.41,-1807.5,123.507932824185,502.398469543876
3.42,-1815,123.151504848168,503.509153649732
3.43,-1822.5,122.797114540022,504.617177570461
3.44,-1830,122.4447445947,505.722540062952
3.45,-1837.5,122.094377901168,506.825239921258
3.46,-1845,121.745997539712,507.925275976491
3.47,-1852.5,121.399586779289,509.022647096711
3.48,-1860,121.055129074926,510.117352186814
3.49,-1867.5,120.712608065159,511.209390188422
3.5,-1875,120.372007569517,512.298760079772
3.51,-1882.5,120.033311586038,513.385460875606
3.52,-1890,119.696504288839,514.469491627054
3.53,-1897.5,119.361570025712,515.550851421521
3.54,-1905,119.028493315769,516.629539382577
3.55,-1912.5,118.697258847121,517.705554669839
3.56,-1920,118.367851474591,518.778896478855
3.57,-1927.5,118.040256217469,519.84956404099
3.58,-1935,117.714458257303,520.917556623307
3.59,-1942.5,117.390442935719,521.982873528455
3.6,-1950,117.068195752285,523.045514094545
3.61,-1957.5,116.747702362399,524.105477695033
3.62,-1965,116.428948575218,525.162763738606
3.63,-1972.5,116.111920351617,526.217371669056
3.64,-1980,115.796603802182,527.269300965163
3.65,-1987.5,115.482985185228,528.318551140577
3.66,-1995,115.171050904857,529.36512174369
3.67,-2002.5,114.860787509044,530.409012357521
3.68,-2010,114.552181687746,531.450222599591
3.69,-2017.5,114.24522027105,532.488752121801
3.7,-2025,113.939890227342,533.524600610306
3.71,-2032.5,113.636178661514,534.557767785396
3.72,-2040,113.334072813185,535.588253401369
3.73,-2047.5,113.033560054962,536.616057246406
3.74,-2055,112.734627890724,537.641179142448
3.75,-2062.5,112.437263953926,538.663618945066
3.76,-2070,112.141456005938,539.683376543342
3.77,-2077.5,111.847191934406,540.700451859736
3.78,-2085,111.554459751634,541.714844849961
3.79,-2092.5,111.263247592997,542.726555502857
3.8,-2100,110.973543715377,543.735583840263
3.81,-2107.5,110.685336495616,544.741929916885
3.82,-2115,110.398614429,545.745593820174
3.83,-2122.5,110.113366127762,546.746575670189
3.84,-2130,109.829580319612,547.744875619477
3.85,-2137.5,109.54724584628,548.740493852933
3.86,-2145,109.266351662091,549.733430587676
3.87,-2152.5,108.986886832554,550.723686072919
3.88,-2160,108.708840532976,551.711260589834
3.89,-2167.5,108.432202047093,552.696154451423
3.9,-2175,108.156960765728,553.678368002387
3.91,-2182.5,107.883106185459,554.65790161899
3.92,-2190,107.610627907315,555.634755708935
3.93,-2197.5,107.339515635488,556.60893071122
3.94,-2205,107.069759176062,557.580427096016
3.95,-2212.5,106.801348435766,558.549245364525
3.96,-2220,106.534273420738,559.515386048851
3.97,-2227.5,106.268524235314,560.478849711866
3.98,-2235,106.004091080829,561.439636947074
3.99,-2242.5,105.740964254439,562.397748378478
4,-2250,105.479134147961,563.353184660443
4.01,-2257.5,105.218591246723,564.305946477564
4.02,-2265,104.959326128438,565.256034544529
4.03,-2272.5,104.701329462092,566.203449605983
4.04,-2280,104.444592006844,567.148192436393
4.05,-2287.5,104.18910461095,568.090263839912
4.06,-2295,103.934858210694,569.029664650242
4.07,-2302.5,103.681843829336,569.966395730498
4.08,-2310,103.430052576082,570.900457973072
4.09,-2317.5,103.179475645058,571.831852299495
4.1,-2325,102.930104314307,572.760579660299
4.11,-2332.5,102.681929944794,573.686641034883
4.12,-2340,102.43494397943,574.61003743137
4.13,-2347.5,102.189137942108,575.530769886476
4.14,-2355,101.944503436749,576.448839465366
4.15,-2362.5,101.701032146368,577.36424726152
4.16,-2370,101.458715832146,578.276994396593
4.17,-2377.5,101.217546332522,579.187082020277
4.18,-2385,100.97751556229,580.094511310161
4.19,-2392.5,100.738615511717,580.999283471595
4.2,-2400,100.500838245664,581.90139973755
4.21,-2407.5,100.264175902728,582.800861368479
4.22,-2415,100.028620694387,583.697669652177
4.23,-2422.5,99.7941649041665,584.591825903642
4.24,-2430,99.5608008868086,585.483331464939
4.25,-2437.5,99.3285210674574,586.372187705054
4.26,-2445,99.0973179408545,587.258396019762
4.27,-2452.5,98.8671840705446,588.141957831481
4.28,-2460,98.6381120880932,589.022874589137
4.29,-2467.5,98.4100946923136,589.901147768021
4.3,-2475,98.1831246485055,590.776778869651
4.31,-2482.5,97.9571947877029,591.649769421632
4.32,-2490,97.7322980059332,592.520120977514
4.33,-2497.5,97.5084272634848,593.387835116656
4.34,-2505,97.2855755841864,594.25291344408
4.35,-2512.5,97.0637360546941,595.115357590338
4.36,-2520,96.8429018237892,595.975169211364
4.37,-2527.5,96.6230661016851,596.832349988343
4.38,-2535,96.4042221593429,597.686901627561
4.39,-2542.5,96.186363327797,598.538825860272
4.4,-2550,95.969482997489,599.388124442555
4.41,-2557.5,95.7535746176103,600.234799155174
4.42,-2565,95.5386316954539,601.078851803437
4.43,-2572.5,95.3246477957741,601.920284217057
4.44,-2580,95.1116165401553,602.759098250012
4.45,-2587.5,94.8995316063885,603.595295780402
4.46,-2595,94.6883867278562,604.428878710312
4.47,-2602.5,94.4781756929253,605.259848965671
4.48,-2610,94.268892344348,606.088208496112
4.49,-2617.5,94.06053057867,606.913959274829
4.5,-2625,93.8530843456473,607.737103298442
4.51,-2632.5,93.6465476476694,608.557642586852
4.52,-2640,93.4409145391911,609.375579183105
4.53,-2647.5,93.2361791261707,610.19091515325
4.54,-2655,93.0323355655157,611.003652586198
4.55,-2662.5,92.8293780645362,611.813793593586
4.56,-2670,92.6273008804041,612.621340309634
4.57,-2677.5,92.4260983196206,613.426294891007
4.58,-2685,92.2257647374893,614.228659516674
4.59,-2692.5,92.0262945375967,615.028436387771
4.6,-2700,91.8276821712989,615.825627727459
4.61,-2707.5,91.6299221372154,616.620235780785
4.62,-2715,91.4330089807285,617.412262814547
4.63,-2722.5,91.2369372934897,618.201711117148
4.64,-2730,91.0417017129317,618.988582998464
4.65,-2737.5,90.8472969217873,619.7728807897
4.66,-2745,90.6537176476137,620.554606843253
4.67,-2752.5,90.4609586623228,621.333763532577
4.68,-2760,90.2690147817178,622.110353252037
4.69,-2767.5,90.0778808650352,622.88437841678
4.7,-2775,89.8875518144926,623.655841462587
4.71,-2782.5,89.698022574842,624.424744845745
4.72,-2790,89.5092881329293,625.1910910429
4.73,-2797.5,89.3213435172579,625.954882550927
4.74,-2805,89.134183797559,626.716121886786
4.75,-2812.5,88.9478040843667,627.474811587392
4.76,-2820,88.762199528598,628.230954209468
4.77,-2827.5,88.5773653211388,628.984552329418
4.78,-2835,88.3932966924338,629.735608543185
4.79,-2842.5,88.2099889120826,630.484125466115
4.8,-2850,88.0274372884397,631.230105732818
4.81,-2857.5,87.8456371682203,631.97355199704
4.82,-2865,87.6645839361101,632.714466931517
4.83,-2872.5,87.4842730143804,633.452853227845
4.84,-2880,87.3046998625073,634.188713596344
4.85,-2887.5,87.1258599767963,634.92205076592
4.86,-2895,86.9477488900105,635.652867483931
4.87,-2902.5,86.770362171004,636.381166516056
4.88,-2910,86.5936954243594,637.106950646152
4.89,-2917.5,86.4177442900294,637.830222676127
4.9,-2925,86.2425044429834,638.5509854258
4.91,-2932.5,86.0679715928575,639.269241732774
4.92,-2940,85.8941414836093,639.984994452292
4.93,-2947.5,85.7210098931763,640.698246457114
4.94,-2955,85.5485726331389,641.409000637377
4.95,-2962.5,85.3768255483868,642.117259900462
4.96,-2970,85.2057645167898,642.823027170866
4.97,-2977.5,85.0353854488725,643.526305390062
4.98,-2985,84.8656842874923,644.227097516375
4.99,-2992.5,84.6966570075218,644.925406524843
5,-3000,84.5282996155345,645.621235407088
5.01,-3007.5,84.3606081494945,646.314587171185
5.02,-3015,84.1935786784496,647.00546484153
5.03,-3022.5,84.0272073022281,647.693871458708
5.04,-3030,83.8614901511392,648.379810079363
5.05,-3037.5,83.6964233856763,649.06328377607
5.06,-3045,83.5320031962249,649.744295637199
5.07,-3052.5,83.3682258027726,650.422848766792
5.08,-3060,83.2050874546236,651.098946284427
5.09,-3067.5,83.0425844301152,651.772591325094
5.1,-3075,82.8807130363392,652.443787039062
5.11,-3082.5,82.7194696088649,653.112536591753
5.12,-3090,82.5588505114662,653.778843163612
5.13,-3097.5,82.3988521358519,654.442709949981
5.14,-3105,82.2394709013983,655.104140160967
5.15,-3112.5,82.0807032548855,655.763137021319
5.16,-3120,81.922545670237,656.419703770299
5.17,-3127.5,81.7649946482612,657.073843661554
5.18,-3135,81.6080467163965,657.725559962991
5.19,-3142.5,81.4516984284597,658.374855956651
5.2,-3150,81.2959463643962,659.021734938584
5.21,-3157.5,81.140787130034,659.666200218718
5.22,-3165,80.9862173568399,660.308255120741
5.23,-3172.5,80.8322337016783,660.947902981971
5.24,-3180,80.6788328465737,661.585147153236
5.25,-3187.5,80.5260114984744,662.219990998743
5.26,-3195,80.3737663890202,662.852437895962
5.27,-3202.5,80.2220942743116,663.482491235498
5.28,-3210,80.0709919346825,664.110154420966
5.29,-3217.5,79.9204561744747,664.735430868873
5.3,-3225,79.7704838218153,665.358324008492
5.31,-3232.5,79.6210717283964,665.978837281743
5.32,-3240,79.4722167692575,666.596974143068
5.33,-3247.5,79.3239158425697,667.212738059309
5.34,-3255,79.1761658694232,667.826132509592
5.35,-3262.5,79.0289637936161,668.437160985201
5.36,-3270,78.8823065814463,669.045826989461
5.37,-3277.5,78.7361912215055,669.652134037616
5.38,-3285,78.5906147244752,670.256085656711
5.39,-3292.5,78.4455741229249,670.85768538547
5.4,-3300,78.3010664711132,671.456936774182
5.41,-3307.5,78.1570888447903,672.053843384577
5.42,-3315,78.0136383410027,672.648408789712
5.43,-3322.5,77.8707120779004,673.240636573852
5.44,-3330,77.7283071945461,673.830530332351
5.45,-3337.5,77.5864208507264,674.418093671537
5.46,-3345,77.4450502267646,675.003330208596
5.47,-3352.5,77.3041925233364,675.586243571454
5.48,-3360,77.1638449612869,676.166837398661
5.49,-3367.5,77.0240047814496,676.745115339276
5.5,-3375,76.8846692444679,677.321081052755
5.51,-3382.5,76.7458356306177,677.894738208831
5.52,-3390,76.6075012396326,678.466090487404
5.53,-3397.5,76.4696633905304,679.035141578426
5.54,-3405,76.3323194214421,679.601895181785
5.55,-3412.5,76.1954666894418,680.166355007195
5.56,-3420,76.0591025703795,680.728524774084
5.57,-3427.5,75.9232244587146,681.288408211479
5.58,-3435,75.7878297673521,681.846009057895
5.59,-3442.5,75.6529159274795,682.401331061223
5.6,-3450,75.5184803884068,682.954377978622
5.61,-3457.5,75.3845206174067,683.505153576404
5.62,-3465,75.2510340995574,684.053661629928
5.63,-3472.5,75.1180183375869,684.599905923485
5.64,-3480,74.9854708517187,685.143890250195
5.65,-3487.5,74.8533891795192,685.685618411893
5.66,-3495,74.721770875747,686.225094219021
5.67,-3502.5,74.5906135122032,686.762321490523
5.68,-3510,74.4599146775837,687.297304053732
5.69,-3517.5,74.3296719773329,687.83004574427
5.7,-3525,74.1998830334988,688.360550405932
5.71,-3532.5,74.0705454845898,688.888821890589
5.72,-3540,73.9416569854328,689.414864058072
5.73,-3547.5,73.813215207033,689.938680776076
5.74,-3555,73.6852178364345,690.460275920047
5.75,-3562.5,73.5576625765836,690.979653373082
5.76,-3570,73.430547146192,691.496817025822
5.77,-3577.5,73.3038692796022,692.01177077635
5.78,-3585,73.1776267266547,692.524518530086
5.79,-3592.5,73.0518172525555,693.035064199682
5.8,-3600,72.9264386377455,693.543411704925
5.81,-3607.5,72.8014886777716,694.049564972629
5.82,-3615,72.6769651831584,694.553527936535
5.83,-3622.5,72.5528659792814,695.055304537212
5.84,-3630,72.4291889062422,695.55489872195
5.85,-3637.5,72.3059318187435,696.052314444668
5.86,-3645,72.1830925859669,696.547555665805
5.87,-3652.5,72.0606690914509,697.040626352226
5.88,-3660,71.9386592329707,697.531530477123
5.89,-3667.5,71.8170609224186,698.020272019909
5.9,-3675,71.6958720856864,698.506854966132
5.91,-3682.5,71.5750906625483,698.991283307362
5.92,-3690,71.4547146065453,699.473561041107
5.93,-3697.5,71.3347418848706,699.953692170708
5.94,-3705,71.2151704782562,700.431680705244
5.95,-3712.5,71.0959983808608,700.907530659436
5.96,-3720,70.9772236001583,701.381246053552
5.97,-3727.5,70.8588441568282,701.852830913312
5.98,-3735,70.7408580846463,702.322289269788
5.99,-3742.5,70.6232634303768,702.789625159318
6,-3750,70.5060582536656,703.254842623403
6.01,-3757.5,70.3892406269346,703.717945708622
6.02,-3765,70.2728086352766,704.178938466531
6.03,-3772.5,70.1567603763521,704.637824953575
6.04,-3780,70.0410939602861,705.094609230995
6.05,-3787.5,69.9258075095666,705.549295364732
6.06,-3795,69.8108991589441,706.001887425344
6.07,-3802.5,69.6963670553315,706.452389487905
6.08,-3810,69.5822093577056,706.900805631924
6.09,-3817.5,69.4684242370092,707.347139941245
6.1,-3825,69.3550098760544,707.791396503966
6.11,-3832.5,69.2419644694262,708.233579412346
6.12,-3840,69.1292862233884,708.673692762713
6.13,-3847.5,69.0169733557885,709.111740655384
6.14,-3855,68.9050240959653,709.547727194566
6.15,-3862.5,68.7934366846563,709.98165648828
6.16,-3870,68.6822093739065,710.413532648264
6.17,-3877.5,68.5713404269776,710.843359789892
6.18,-3885,68.4608281182586,711.271142032087
6.19,-3892.5,68.3506707331769,711.696883497233
6.2,-3900,68.2408665681104,712.120588311093
6.21,-3907.5,68.1314139303006,712.542260602721
6.22,-3915,68.022311137766,712.961904504379
6.23,-3922.5,67.9135565192166,713.379524151454
6.24,-3930,67.8051484139698,713.795123682371
6.25,-3937.5,67.6970851718658,714.208707238513
6.26,-3945,67.5893651531853,714.620278964137
6.27,-3952.5,67.4819867285667,715.029843006294
6.28,-3960,67.3749482789247,715.437403514741
6.29,-3967.5,67.2682481953699,715.842964641867
6.3,-3975,67.1618848791284,716.246530542608
6.31,-3982.5,67.0558567414628,716.648105374366
6.32,-3990,66.9501622035938,717.04769329693
6.33,-3997.5,66.8447996966223,717.445298472398
6.34,-4005,66.7397676614524,717.840925065094
6.35,-4012.5,66.6350645487153,718.234577241492
6.36,-4020,66.5306888186933,718.626259170137
6.37,-4027.5,66.4266389412455,719.015975021567
6.38,-4035,66.3229133957331,719.403728968234
6.39,-4042.5,66.2195106709461,719.789525184429
6.4,-4050,66.1164292650303,720.173367846205
6.41,-4057.5,66.0136676854156,720.555261131299
6.42,-4065,65.9112244487442,720.935209219059
6.43,-4072.5,65.8090980807994,721.313216290365
6.44,-4080,65.7072871164364,721.689286527558
6.45,-4087.5,65.6057900995117,722.063424114363
6.46,-4095,65.5046055828149,722.435633235814
6.47,-4102.5,65.4037321280002,722.805918078184
6.48,-4110,65.3031683055189,723.174282828909
6.49,-4117.5,65.202912694552,723.540731676514
6.5,-4125,65.1029638829443,723.905268810543
6.51,-4132.5,65.0033204671383,724.267898421489
6.52,-4140,64.9039810521089,724.628624700715
6.53,-4147.5,64.8049442512989,724.987451840393
6.54,-4155,64.7062086865553,725.344384033422
6.55,-4162.5,64.6077729880651,725.699425473369
6.56,-4170,64.5096357942931,726.05258035439
6.57,-4177.5,64.4117957519194,726.403852871167
6.58,-4185,64.3142515157773,726.753247218834
6.59,-4192.5,64.2170017487925,727.100767592913
6.6,-4200,64.1200451219225,727.446418189241
6.61,-4207.5,64.023380314096,727.790203203907
6.62,-4215,63.9270060121539,728.13212683318
6.63,-4222.5,63.83092091079,728.472193273447
6.64,-4230,63.7351237124924,728.810406721142
6.65,-4237.5,63.6396131274857,729.146771372682
6.66,-4245,63.5443878736734,729.481291424402
6.67,-4252.5,63.449446676581,729.813971072487
6.68,-4260,63.3547882692996,730.144814512911
6.69,-4267.5,63.2604113924298,730.473825941369
6.7,-4275,63.1663147940265,730.801009553215
6.71,-4282.5,63.0724972295434,731.126369543397
6.72,-4290,62.9789574617793,731.449910106396
6.73,-4297.5,62.8856942608233,731.771635436159
6.74,-4305,62.7927064040017,732.091549726041
6.75,-4312.5,62.6999926758252,732.409657168741
6.76,-4320,62.6075518679355,732.72596195624
6.77,-4327.5,62.5153827790539,733.040468279742
6.78,-4335,62.4234842149294,733.353180329608
6.79,-4342.5,62.3318549882873,733.664102295303
6.8,-4350,62.2404939187786,733.973238365329
6.81,-4357.5,62.1493998329296,734.28059272717
6.82,-4365,62.0585715640922,734.586169567231
6.83,-4372.5,61.968007952394,734.889973070779
6.84,-4380,61.8777078446895,735.192007421885
6.85,-4387.5,61.7876700945117,735.492276803366
6.86,-4395,61.6978935620236,735.790785396728
6.87,-4402.5,61.6083771139705,736.087537382106
6.88,-4410,61.5191196236327,736.382536938213
6.89,-4417.5,61.4301199707784,736.675788242274
6.9,-4425,61.3413770416174,736.967295469982
6.91,-4432.5,61.2528897287547,737.257062795431
6.92,-4440,61.1646569311448,737.545094391068
6.93,-4447.5,61.0766775540464,737.831394427635
6.94,-4455,60.9889505089775,738.115967074116
6.95,-4462.5,60.9014747136703,738.398816497682
6.96,-4470,60.8142490920279,738.679946863635
6.97,-4477.5,60.7272725740795,738.959362335361
6.98,-4485,60.6405440959377,739.237067074269
6.99,-4492.5,60.5540625997547,739.513065239746
7,-4500,60.4678270336802,739.787360989098
7.01,-4507.5,60.3818363518186,740.059958477502
7.02,-4515,60.2960895141875,740.330861857955
7.03,-4522.5,60.2105854866751,740.600075281222
7.04,-4530,60.125323241,740.867602895782
7.05,-4537.5,60.0403017546694,741.133448847783
7.06,-4545,59.9555200109391,741.39761728099
7.07,-4552.5,59.8709769987726,741.660112336733
7.08,-4560,59.7866717128018,741.92093815386
7.09,-4567.5,59.7026031532868,742.18009886869
7.1,-4575,59.6187703260773,742.437598614961
7.11,-4582.5,59.5351722425728,742.693441523781
7.12,-4590,59.4518079196849,742.947631723587
7.13,-4597.5,59.3686763797983,743.200173340089
7.14,-4605,59.2857766507332,743.451070496229
7.15,-4612.5,59.2031077657075,743.700327312132
7.16,-4620,59.1206687632994,743.947947905058
7.17,-4627.5,59.0384586874105,744.193936389361
7.18,-4635,58.956476587229,744.438296876439
7.19,-4642.5,58.8747215171932,744.681033474689
7.2,-4650,58.7931925369554,744.922150289465
7.21,-4657.5,58.7118887113462,745.16165142303
7.22,-4665,58.6308091103388,745.399540974514
7.23,-4672.5,58.5499528090137,745.635823039871
7.24,-4680,58.4693188875241,745.870501711831
7.25,-4687.5,58.3889064310606,746.103581079862
7.26,-4695,58.3087145298175,746.335065230126
7.27,-4702.5,58.2287422789583,746.564958245433
7.28,-4710,58.1489887785819,746.793264205204
7.29,-4717.5,58.0694531336889,747.019987185424
7.3,-4725,57.9901344541489,747.245131258608
7.31,-4732.5,57.9110318546668,747.46870049375
7.32,-4740,57.8321444547505,747.690698956291
7.33,-4747.5,57.7534713786781,747.911130708073
7.34,-4755,57.6750117554661,748.129999807303
7.35,-4762.5,57.596764718837,748.347310308511
7.36,-4770,57.5187294071879,748.563066262509
7.37,-4777.5,57.4409049635589,748.777271716355
7.38,-4785,57.3632905356021,748.989930713315
7.39,-4792.5,57.2858852755504,749.20104729282
7.4,-4800,57.2086883401871,749.410625490432
7.41,-4807.5,57.1316988908151,749.618669337804
7.42,-4815,57.0549160932271,749.825182862645
7.43,-4822.5,56.9783391176754,750.03017008868
7.44,-4830,56.901967138842,750.233635035616
7.45,-4837.5,56.8257993358098,750.435581719102
7.46,-4845,56.7498348920324,750.636014150698
7.47,-4852.5,56.674072995306,750.834936337835
7.48,-4860,56.59851283774,751.032352283779
7.49,-4867.5,56.5231536157286,751.228265987599
7.5,-4875,56.4479945299226,751.422681444133
7.51,-4882.5,56.3730347852013,751.615602643948
7.52,-4890,56.2982735906442,751.807033573311
7.53,-4897.5,56.2237101595041,751.996978214151
7.54,-4905,56.1493437091789,752.185440544031
7.55,-4912.5,56.0751734611847,752.372424536107
7.56,-4920,56.0011986411291,752.557934159102
7.57,-4927.5,55.9274184786836,752.741973377272
7.58,-4935,55.8538322075578,752.924546150367
7.59,-4942.5,55.7804390654726,753.10565643361
7.6,-4950,55.7072382941341,753.285308177656
7.61,-4957.5,55.6342291392076,753.463505328565
7.62,-4965,55.561410850292,753.640251827769
7.63,-4972.5,55.488782680894,753.815551612042
7.64,-4980,55.4163438884028,753.989408613472
7.65,-4987.5,55.3440937340651,754.161826759424
7.66,-4995,55.2720314829597,754.332809972517
7.67,-5002.5,55.2001564039732,754.50236217059
7.68,-5010,55.1284677697753,754.670487266676
7.69,-5017.5,55.0569648567939,754.837189168969
7.7,-5025,54.9856469451917,755.002471780798
7.71,-5032.5,54.9145133188414,755.166339000597
7.72,-5040,54.8435632653025,755.328794721879
7.73,-5047.5,54.7727960757971,755.489842833206
7.74,-5055,54.7022110451868,755.64948721816
7.75,-5062.5,54.6318074719492,755.80773175532
7.76,-5070,54.5615846581548,755.964580318231
7.77,-5077.5,54.4915419094444,756.12003677538
7.78,-5085,54.4216785350056,756.274104990166
7.79,-5092.5,54.351993847551,756.426788820877
7.8,-5100,54.2824871632952,756.578092120663
7.81,-5107.5,54.2131578019328,756.728018737511
7.82,-5115,54.1440050866164,756.876572514215
7.83,-5122.5,54.0750283439345,757.02375728836
7.84,-5130,54.0062269038899,757.169576892286
7.85,-5137.5,53.9376000998778,757.314035153075
7.86,-5145,53.869147268665,757.457135892515
7.87,-5152.5,53.8008677503679,757.598882927086
7.88,-5160,53.7327608884322,757.739280067929
7.89,-5167.5,53.664826029611,757.878331120826
7.9,-5175,53.5970625239449,758.016039886177
7.91,-5182.5,53.5294697247411,758.152410158976
7.92,-5190,53.4620469885525,758.287445728786
7.93,-5197.5,53.3947936751581,758.421150379721
7.94,-5205,53.3277091475424,758.55352789042
7.95,-5212.5,53.2607927718751,758.684582034028
7.96,-5220,53.1940439174923,758.814316578171
7.97,-5227.5,53.1274619568754,758.942735284938
7.98,-5235,53.0610462656325,759.069841910856
7.99,-5242.5,52.9947962224789,759.195640206872
8,-5250,52.9287112092174,759.320133918332
8.01,-5257.5,52.8627906107192,759.443326784959
8.02,-5265,52.7970338149055,759.565222540834
8.03,-5272.5,52.731440212728,759.685824914376
8.04,-5280,52.6660091981505,759.80513762832
8.05,-5287.5,52.6007401681301,759.923164399702
8.06,-5295,52.5356325225992,760.039908939835
8.07,-5302.5,52.4706856644467,760.155374954294
8.08,-5310,52.4058989995,760.269566142893
8.09,-5317.5,52.3412719365072,760.382486199671
8.1,-5325,52.276803887119,760.49413881287
8.11,-5332.5,52.2124942658707,760.60452766492
8.12,-5340,52.1483424901652,760.713656432418
8.13,-5347.5,52.0843479802548,760.821528786114
8.14,-5355,52.0205101592241,760.928148390888
8.15,-5362.5,51.956828452973,761.033518905742
8.16,-5370,51.8933022901992,761.137643983772
8.17,-5377.5,51.8299311023812,761.240527272161
8.18,-5385,51.7667143237618,761.342172412157
8.19,-5392.5,51.7036513913309,761.442583039058
8.2,-5400,51.6407417448091,761.541762782197
8.21,-5407.5,51.5779848266312,761.639715264925
8.22,-5415,51.5153800819297,761.736444104596
8.23,-5422.5,51.4529269585185,761.831952912552
8.24,-5430,51.390624906877,761.926245294107
8.25,-5437.5,51.3284733801335,762.019324848533
8.26,-5445,51.2664718340501,762.111195169046
8.27,-5452.5,51.2046197270061,762.201859842788
8.28,-5460,51.1429165199826,762.291322450818
8.29,-5467.5,51.0813616765472,762.379586568092
8.3,-5475,51.019954662838,762.466655763456
8.31,-5482.5,50.9586949475487,762.552533599626
8.32,-5490,50.897582001913,762.63722363318
8.33,-5497.5,50.8366152996895,762.720729414538
8.34,-5505,50.7757943171471,762.803054487958
8.35,-5512.5,50.7151185330495,762.884202391515
8.36,-5520,50.6545874286405,762.964176657094
8.37,-5527.5,50.5942004876296,763.042980810373
8.38,-5535,50.5339571961772,763.120618370816
8.39,-5542.5,50.4738570428799,763.197092851657
8.4,-5550,50.4138995187563,763.27240775989
8.41,-5557.5,50.3540841172328,763.346566596255
8.42,-5565,50.2944103341289,763.419572855232
8.43,-5572.5,50.234877667644,763.491430025024
8.44,-5580,50.1754856183423,763.56214158755
8.45,-5587.5,50.1162336891397,763.63171101843
8.46,-5595,50.0571213852897,763.700141786979
8.47,-5602.5,49.9981482143699,763.767437356196
8.48,-5610,49.9393136862678,763.83360118275
8.49,-5617.5,49.880617313168,763.898636716973
8.5,-5625,49.8220586095384,763.962547402851
8.51,-5632.5,49.7636370921169,764.02533667801
8.52,-5640,49.7053522798982,764.087007973713
8.53,-5647.5,49.6472036941207,764.147564714844
8.54,-5655,49.5891908582533,764.207010319904
8.55,-5662.5,49.5313132979827,764.265348200999
8.56,-5670,49.4735705412003,764.322581763834
8.57,-5677.5,49.4159621179893,764.378714407702
8.58,-5685,49.3584875606125,764.433749525475
8.59,-5692.5,49.3011464034993,764.487690503599
8.6,-5700,49.243938183233,764.540540722085
8.61,-5707.5,49.1868624385391,764.592303554498
8.62,-5715,49.129918710272,764.642982367954
8.63,-5722.5,49.0731065414037,764.692580523108
8.64,-5730,49.0164254770107,764.741101374151
8.65,-5737.5,48.9598750642628,764.7885482688
8.66,-5745,48.9034548524104,764.83492454829
8.67,-5752.5,48.8471643927729,764.880233547373
8.68,-5760,48.7910032387266,764.924478594303
8.69,-5767.5,48.7349709456935,764.967663010836
8.7,-5775,48.679067071129,765.009790112221
8.71,-5782.5,48.6232911745104,765.050863207194
8.72,-5790,48.5676428173258,765.090885597974
8.73,-5797.5,48.5121215630623,765.129860580252
8.74,-5805,48.4567269771944,765.167791443193
8.75,-5812.5,48.4014586271736,765.204681469424
8.76,-5820,48.346316082416,765.24053393503
8.77,-5827.5,48.2912989142921,765.275352109551
8.78,-5835,48.2364066961152,765.309139255976
8.79,-5842.5,48.181639003131,765.341898630738
8.8,-5850,48.1269954125057,765.373633483708
8.81,-5857.5,48.0724755033164,765.404347058192
8.82,-5865,48.0180788565392,765.434042590926
8.83,-5872.5,47.9638050550392,765.462723312072
8.84,-5880,47.9096536835599,765.490392445214
8.85,-5887.5,47.855624328712,765.517053207353
8.86,-5895,47.8017165789637,765.542708808904
8.87,-5902.5,47.7479300246299,765.567362453693
8.88,-5910,47.6942642578617,765.591017338952
8.89,-5917.5,47.6407188726368,765.613676655317
8.9,-5925,47.5872934647483,765.635343586822
8.91,-5932.5,47.5339876317956,765.6560213109
8.92,-5940,47.4808009731735,765.675712998379
8.93,-5947.5,47.4277330900628,765.694421813474
8.94,-5955,47.37478358542,765.712150913793
8.95,-5962.5,47.3219520639677,765.728903450328
8.96,-5970,47.2692381321844,765.744682567454
8.97,-5977.5,47.2166413982954,765.759491402928
8.98,-5985,47.1641614722624,765.773333087887
8.99,-5992.5,47.1117979657746,765.786210746843
9,-6000,47.0595504922386,765.798127497686
9.01,-6007.5,47.0074186667693,765.809086451677
9.02,-6015,46.9554021061802,765.819090713451
9.03,-6022.5,46.9035004289742,765.828143381013
9.04,-6030,46.8517132553344,765.836247545737
9.05,-6037.5,46.8000402071145,765.843406292364
9.06,-6045,46.7484809078303,765.849622699004
9.07,-6052.5,46.6970349826499,765.854899837132
9.08,-6060,46.6457020583848,765.859240771588
9.09,-6067.5,46.5944817634815,765.862648560576
9.1,-6075,46.5433737280116,765.865126255665
9.11,-6082.5,46.4923775836637,765.866676901788
9.12,-6090,46.4414929637345,765.867303537238
9.12179906729003,-6091.34930046752,46.4323502868438,765.867318435754
9.13,-6097.5,46.3907195031195,765.867009193675
9.14,-6105,46.3400568383048,765.865796896119
9.15,-6112.5,46.2895046073585,765.863669662955
9.16,-6120,46.2390624499218,765.860630505928
9.17,-6127.5,46.1887300072005,765.856682430149
9.18,-6135,46.1385069219568,765.851828434092
9.19,-6142.5,46.0883928385006,765.846071509596
9.2,-6150,46.0383874026814,765.839414641863
9.21,-6157.5,45.9884902618797,765.831860809461
9.22,-6165,45.9387010649989,765.823412984327
9.23,-6172.5,45.889019462457,765.814074131761
9.24,-6180,45.8394451061787,765.803847210436
9.25,-6187.5,45.789977649587,765.792735172391
9.26,-6195,45.7406167475953,765.780740963038
9.27,-6202.5,45.6913620565994,765.767867521162
9.28,-6210,45.6422132344695,765.754117778919
9.29,-6217.5,45.5931699405422,765.739494661843
9.3,-6225,45.5442318356132,765.724001088845
9.31,-6232.5,45.4953985819286,765.707639972214
9.32,-6240,45.4466698431781,765.690414217621
9.33,-6247.5,45.3980452844866,765.672326724119
9.34,-6255,45.3495245724069,765.653380384146
9.35,-6262.5,45.3011073749121,765.63357808353
9.36,-6270,45.2527933613879,765.612922701487
9.37,-6277.5,45.2045822026252,765.591417110623
9.38,-6285,45.1564735708127,765.569064176943
9.39,-6292.5,45.1084671395293,765.545866759847
9.4,-6300,45.0605625837371,765.521827712135
9.41,-6307.5,45.0127595797737,765.496949880011
9.42,-6315,44.965057805345,765.471236103085
9.43,-6322.5,44.9174569395183,765.444689214375
9.44,-6330,44.8699566627149,765.417312040312
9.45,-6337.5,44.8225566567028,765.389107400741
9.46,-6345,44.7752566045899,765.360078108928
9.47,-6352.5,44.728056190817,765.33022697156
9.48,-6360,44.6809551011505,765.299556788748
9.49,-6367.5,44.6339530226757,765.268070354034
9.5,-6375,44.5870496437898,765.235770454392
9.51,-6382.5,44.540244654195,765.202659870234
9.52,-6390,44.4935377448917,765.168741375411
9.53,-6397.5,44.4469286081721,765.134017737218
9.54,-6405,44.4004169376127,765.098491716401
9.55,-6412.5,44.3540024280682,765.062166067156
9.56,-6420,44.3076847756648,765.025043537137
9.57,-6427.5,44.2614636777932,764.987126867458
9.58,-6435,44.2153388331027,764.9484187927
9.59,-6442.5,44.1693099414938,764.908922040913
9.6,-6450,44.1233767041127,764.868639333622
9.61,-6457.5,44.0775388233438,764.827573385831
9.62,-6465,44.0317960028044,764.785726906027
9.63,-6472.5,43.9861479473374,764.743102596185
9.64,-6480,43.9405943630054,764.699703151777
9.65,-6487.5,43.8951349570845,764.655531261769
9.66,-6495,43.8497694380577,764.610589608634
9.67,-6502.5,43.8044975156092,764.56488086835
9.68,-6510,43.7593189006176,764.518407710412
9.69,-6517.5,43.7142333051503,764.471172797832
9.7,-6525,43.6692404424571,764.423178787146
9.71,-6532.5,43.6243400269643,764.374428328421
9.72,-6540,43.5795317742686,764.324924065259
9.73,-6547.5,43.5348154011311,764.274668634801
9.74,-6555,43.4901906254714,764.223664667737
9.75,-6562.5,43.4456571663617,764.171914788306
9.76,-6570,43.4012147440208,764.119421614307
9.77,-6577.5,43.3568630798085,764.066187757102
9.78,-6585,43.3126018962194,764.012215821622
9.79,-6592.5,43.2684309168777,763.957508406374
9.8,-6600,43.224349866531,763.902068103446
9.81,-6607.5,43.1803584710446,763.845897498515
9.82,-6615,43.1364564573963,763.788999170849
9.83,-6622.5,43.0926435536701,763.731375693319
9.84,-6630,43.0489194890512,763.673029632401
9.85,-6637.5,43.0052839938202,763.613963548183
9.86,-6645,42.9617367993474,763.554179994375
9.87,-6652.5,42.9182776380875,763.493681518308
9.88,-6660,42.8749062435744,763.43247066095
9.89,-6667.5,42.831622350415,763.370549956905
9.9,-6675,42.7884256942848,763.307921934424
9.91,-6682.5,42.7453160119215,763.244589115408
9.92,-6690,42.7022930411207,763.180554015421
9.93,-6697.5,42.6593565207296,763.115819143689
9.94,-6705,42.6165061906427,763.050387003113
9.95,-6712.5,42.5737417917957,762.984260090274
9.96,-6720,42.531063066161,762.917440895439
9.97,-6727.5,42.4884697567419,762.849931902571
9.98,-6735,42.4459616075679,762.781735589331
9.99,-6742.5,42.4035383636897,762.712854427091
10,-6750,42.3611997711734,762.643290880938
10.01,-6757.5,42.3189455770963,762.573047409682
10.02,-6765,42.2767755295414,762.502126465864
10.03,-6772.5,42.2346893775924,762.430530495761
10.04,-6780,42.1926868713291,762.358261939399
10.05,-6787.5,42.1507677618219,762.285323230553
10.06,-6795,42.1089318011274,762.211716796761
10.07,-6802.5,42.0671787422835,762.137445059328
10.08,-6810,42.025508339304,762.062510433336
10.09,-6817.5,41.9839203471745,761.986915327648
10.1,-6825,41.9424145218473,761.910662144923
10.11,-6832.5,41.9009906202364,761.833753281615
10.12,-6840,41.8596484002132,761.756191127987
10.13,-6847.5,41.8183876206015,761.677978068117
10.14,-6855,41.777208041173,761.599116479906
10.15,-6862.5,41.7361094226427,761.519608735087
10.16,-6870,41.6950915266638,761.439457199231
10.17,-6877.5,41.6541541158237,761.358664231758
10.18,-6885,41.6132969536392,761.277232185941
10.19,-6892.5,41.572519804552,761.195163408919
10.2,-6900,41.531822433924,761.112460241702
10.21,-6907.5,41.491204608033,761.029125019183
10.22,-6915,41.4506660940683,760.945160070139
10.23,-6922.5,41.410206660126,760.860567717249
10.24,-6930,41.3698260752049,760.775350277094
10.25,-6937.5,41.3295241092019,760.689510060171
10.26,-6945,41.2893005329076,760.603049370901
10.27,-6952.5,41.2491551180023,760.515970507632
10.28,-6960,41.2090876370513,760.428275762656
10.29,-6967.5,41.1690978635009,760.339967422211
10.3,-6975,41.129185571674,760.251047766494
10.31,-6982.5,41.0893505367658,760.161519069666
10.32,-6990,41.0495925348398,760.071383599864
10.33,-6997.5,41.0099113428235,759.980643619208
10.34,-7005,40.9703067385042,759.889301383811
10.35,-7012.5,40.930778500525,759.797359143786
10.36,-7020,40.8913264083803,759.704819143258
10.37,-7027.5,40.8519502424125,759.611683620368
10.38,-7035,40.812649783807,759.517954807289
10.39,-7042.5,40.7734248145889,759.423634930228
10.4,-7050,40.7342751176185,759.328726209439
10.41,-7057.5,40.6952004765876,759.233230859233
10.42,-7065,40.6562006760153,759.137151087983
10.43,-7072.5,40.6172755012444,759.040489098136
10.44,-7080,40.5784247384369,758.943247086224
10.45,-7087.5,40.5396481745707,758.845427242868
10.46,-7095,40.5009455974353,758.747031752793
10.47,-7102.5,40.4623167956283,758.648062794831
10.48,-7110,40.4237615585511,758.548522541937
10.49,-7117.5,40.3852796764056,758.448413161195
10.5,-7125,40.3468709401898,758.347736813825
10.51,-7132.5,40.3085351416947,758.246495655199
10.52,-7140,40.2702720735,758.144691834842
10.53,-7147.5,40.2320815289709,758.042327496451
10.54,-7155,40.1939633022536,757.939404777894
10.55,-7162.5,40.1559171882724,757.835925811228
10.56,-7170,40.1179429827257,757.731892722707
10.57,-7177.5,40.0800404820825,757.627307632787
10.58,-7185,40.0422094835782,757.52217265614
10.59,-7192.5,40.004449785212,757.416489901662
10.6,-7200,39.9667611857424,757.310261472484
10.61,-7207.5,39.9291434846841,757.20348946598
10.62,-7215,39.8915964823044,757.096175973777
10.63,-7222.5,39.8541199796195,756.988323081766
10.64,-7230,39.8167137783912,756.87993287011
10.65,-7237.5,39.7793776811233,756.771007413257
10.66,-7245,39.7421114910583,756.661548779944
10.67,-7252.5,39.7049150121736,756.551559033213
10.68,-7260,39.6677880491784,756.441040230417
10.69,-7267.5,39.6307304075102,756.329994423232
10.7,-7275,39.5937418933314,756.218423657666
10.71,-7282.5,39.5568223135259,756.106329974067
10.72,-7290,39.5199714756958,755.993715407137
10.73,-7297.5,39.4831891881579,755.88058198594
10.74,-7305,39.4464752599407,755.766931733911
10.75,-7312.5,39.4098295007809,755.652766668865
10.76,-7320,39.3732517211201,755.538088803013
10.77,-7327.5,39.3367417321015,755.422900142964
10.78,-7335,39.3002993455669,755.307202689741
10.79,-7342.5,39.2639243740534,755.19099843879
10.8,-7350,39.2276166307898,755.074289379986
10.81,-7357.5,39.191375929694,754.95707749765
10.82,-7365,39.1552020853695,754.839364770552
10.83,-7372.5,39.1190949131023,754.721153171927
10.84,-7380,39.0830542288577,754.602444669483
10.85,-7387.5,39.0470798492774,754.483241225408
10.86,-7395,39.0111715916761,754.363544796386
10.87,-7402.5,38.9753292740387,754.243357333603
10.88,-7410,38.939552715017,754.122680782761
10.89,-7417.5,38.9038417339267,754.001517084082
10.9,-7425,38.8681961507446,753.879868172325
10.91,-7432.5,38.8326157861053,753.757735976792
10.92,-7440,38.7971004612982,753.635122421342
10.93,-7447.5,38.7616499982649,753.512029424396
10.94,-7455,38.7262642195955,753.388458898953
10.95,-7462.5,38.6909429485265,753.264412752595
10.96,-7470,38.6556860089373,753.139892887503
10.97,-7477.5,38.6204932253475,753.014901200463
10.98,-7485,38.5853644229137,752.889439582877
10.99,-7492.5,38.5502994274272,752.763509920776
11,-7500,38.5152980653105,752.637114094827
11.01,-7507.5,38.4803601636148,752.510253980347
11.02,-7515,38.4454855500172,752.38293144731
11.03,-7522.5,38.4106740528176,752.255148360358
11.04,-7530,38.375925500936,752.126906578815
11.05,-7537.5,38.3412397239099,751.998207956692
11.06,-7545,38.3066165518914,751.869054342704
11.07,-7552.5,38.272055815644,751.739447580272
11.08,-7560,38.2375573465409,751.609389507541
11.09,-7567.5,38.2031209765609,751.478881957389
11.1,-7575,38.168746538287,751.347926757433
11.11,-7582.5,38.1344338649027,751.216525730045
11.12,-7590,38.1001827901898,751.084680692361
11.13,-7597.5,38.0659931485257,750.952393456287
11.14,-7605,38.0318647748806,750.819665828518
11.15,-7612.5,37.9977975048148,750.686499610541
11.16,-7620,37.9637911744764,750.55289659865
11.17,-7627.5,37.9298456205982,750.418858583954
11.18,-7635,37.8959606804954,750.284387352389
11.19,-7642.5,37.8621361920632,750.149484684727
11.2,-7650,37.8283719937737,750.014152356591
11.21,-7657.5,37.7946679246736,749.878392138459
11.22,-7665,37.7610238243819,749.74220579568
11.23,-7672.5,37.7274395330868,749.60559508848
11.24,-7680,37.6939148915437,749.468561771979
11.25,-7687.5,37.6604497410725,749.331107596195
11.26,-7695,37.627043923555,749.193234306057
11.27,-7702.5,37.5936972814325,749.054943641418
11.28,-7710,37.5604096577034,748.916237337063
11.29,-7717.5,37.5271808959206,748.777117122719
11.3,-7725,37.4940108401892,748.637584723068
11.31,-7732.5,37.4608993351638,748.497641857756
11.32,-7740,37.4278462260466,748.357290241405
11.33,-7747.5,37.3948513585845,748.216531583622
11.34,-7755,37.3619145790668,748.07536758901
11.35,-7762.5,37.329035734323,747.933799957181
11.36,-7770,37.2962146717203,747.791830382762
11.37,-7777.5,37.2634512391613,747.64946055541
11.38,-7785,37.2307452850815,747.506692159822
11.39,-7792.5,37.1980966584473,747.363526875742
11.4,-7800,37.1655052087534,747.219966377977
11.41,-7807.5,37.1329707860203,747.076012336403
11.42,-7815,37.1004932407928,746.931666415979
11.43,-7822.5,37.0680724241367,746.786930276755
11.44,-7830,37.0357081876372,746.641805573886
11.45,-7837.5,37.0034003833967,746.496293957638
11.46,-7845,36.9711488640318,746.350397073404
11.47,-7852.5,36.9389534826721,746.204116561709
11.48,-7860,36.9068140929571,746.057454058228
11.49,-7867.5,36.8747305490344,745.910411193786
11.5,-7875,36.8427027055577,745.762989594381
11.51,-7882.5,36.8107304176839,745.615190881185
11.52,-7890,36.7788135410718,745.46701667056
11.53,-7897.5,36.7469519318792,745.318468574065
11.54,-7905,36.7151454467612,745.169548198471
11.55,-7912.5,36.6833939428679,745.020257145768
11.56,-7920,36.6516972778421,744.870597013175
11.57,-7927.5,36.6200553098177,744.720569393156
11.58,-7935,36.5884678974168,744.570175873425
11.59,-7942.5,36.5569348997484,744.419418036959
11.6,-7950,36.5254561764058,744.268297462009
11.61,-7957.5,36.4940315874645,744.11681572211
11.62,-7965,36.4626609934805,743.964974386091
11.63,-7972.5,36.4313442554881,743.812775018087
11.64,-7980,36.4000812349976,743.660219177548
11.65,-7987.5,36.3688717939936,743.507308419253
11.66,-7995,36.3377157949326,743.354044293316
11.67,-8002.5,36.3066131007416,743.200428345199
11.68,-8010,36.2755635748154,743.046462115724
11.69,-8017.5,36.2445670810149,742.89214714108
11.7,-8025,36.2136234836653,742.737484952836
11.71,-8032.5,36.1827326475539,742.582477077954
11.72,-8040,36.1518944379281,742.427125038793
11.73,-8047.5,36.1211087204936,742.271430353126
11.74,-8055,36.0903753614124,742.115394534148
11.75,-8062.5,36.0596942273009,741.959019090484
11.76,-8070,36.0290651852276,741.802305526206
11.77,-8077.5,35.998488102712,741.645255340837
11.78,-8085,35.9679628477219,741.487870029366
11.79,-8092.5,35.9374892886718,741.330151082255
11.8,-8100,35.9070672944212,741.172099985453
11.81,-8107.5,35.8766967342723,741.013718220405
11.82,-8115,35.8463774779686,740.855007264062
11.83,-8122.5,35.8161093956928,740.695968588892
11.84,-8130,35.7858923580647,740.53660366289
11.85,-8137.5,35.7557262361401,740.376913949592
11.86,-8145,35.725610901408,740.216900908078
11.87,-8152.5,35.6955462257896,740.056565992992
11.88,-8160,35.6655320816361,739.895910654544
11.89,-8167.5,35.6355683417269,739.734936338525
11.9,-8175,35.605654879268,739.573644486317
11.91,-8182.5,35.5757915678899,739.412036534905
11.92,-8190,35.5459782816461,739.250113916882
11.93,-8197.5,35.5162148950114,739.087878060464
11.94,-8205,35.4865012828798,738.925330389502
11.95,-8212.5,35.4568373205629,738.762472323487
11.96,-8220,35.4272228837883,738.599305277565
11.97,-8227.5,35.3976578486979,738.435830662544
11.98,-8235,35.3681420918457,738.272049884909
11.99,-8242.5,35.3386754901966,738.107964346827
12,-8250,35.3092579211248,737.94357544616
